#,STATUT,MARCHE FR,VRAIE BRAND ?,PRODUIT,BOUTIQUE,PAYS DE LEURS PUBS (%),x4 SEM.,ADS,COURBE 5 SEMAINES,PRIX,SKU,MARGE x3-x4 ?,A VERIFIER,LE VERDICT,TON VERDICT,TES NOTES,LIEN
19,🔴 BANGER,⬜ a verifier,🔵 OUI,Variety Pack,k2o.com,US 100%,428,428,1 > 36 > 271 > 408 > 428,39.99 USD,9,a calculer,,"🟢 PRIORITE. x428.0 en 4 sem., 428 ads, 5 sem. de diffusion - vraie brand (>=150). Fais le controle FR.",,,https://k2o.com
44,🔴 BANGER,⬜ a verifier,🔵 OUI,Women's Short-sleeve denim Two-piece set,ladygo-4740.myshopify.com,"US 53%, CA 47%",180,358,1 > 2 > 2 > 1 > 180,54.99 USD,13,a calculer,,"🟢 PRIORITE. x180.0 en 4 sem., 358 ads - vraie brand (>=150). Fais le controle FR.",,,https://ladygo-4740.myshopify.com
7,🔴 BANGER,⬜ a verifier,🔵 OUI,Wildnest heel,getwildnest.com,"NZ 21%, CA 21%, GB 21%, AU 20%, US 18%",123.8,625,5 > 62 > 264 > 549 > 619,25.99 USD,2,a calculer,,"🟢 PRIORITE. x123.8 en 4 sem., 625 ads, 5 sem. de diffusion - vraie brand (>=150). Fais le controle FR.",,,https://getwildnest.com
20,🔴 BANGER,🟨 PARTIEL,🔵 OUI,FacileNotte® piumone – Il piumone 2 in 1 ad asciugatura rapid,comodea-home.com,IT 100%,95.3,288,3 > 34 > 166 > 262 > 286,79.99 EUR,4,a calculer,,"🟢 PRIORITE. x95.3 en 4 sem., 288 ads, 5 sem. de diffusion - vraie brand (>=150). Fais le controle FR.",,,https://comodea-home.com
27,🔴 BANGER,⬜ a verifier,⬜ non,Färganpassande foundation,get-lambrie.com,"IT 40%, SE 32%, FR 28%",52,52,1 > 10 > 24 > 45 > 52,385 SEK,6,a calculer,diffuse deja en FR 28% - ouvre leur ad library,🟠 Ils diffusent deja en France. Ouvre leur ad library avant de decider.,,,https://get-lambrie.com
8,🔴 BANGER,🟥 PRIS,🔵 OUI,Attelle™ EMS Hallux Valgus,orveline.quebec,"FR 47%, BE 18%, LU 15%, CA 15%",50.2,481,9 > 51 > 127 > 307 > 452,49.99 EUR,4,a calculer,diffuse deja en FR 47% - ouvre leur ad library,"🔴 FR PRIS. Vise ES/DE/IT/GB, et lis leurs ads avant.",,,https://orveline.quebec
2,🔴 BANGER,🟨 PARTIEL,🔵 OUI,FaithGate™ Complete Ethiopian Bible,faithgate.co,US 100%,40.3,263,9 > 2 > 228 > 623 > 363,39.99 USD,2,a calculer,,"🟢 PRIORITE. x40.3 en 4 sem., 263 ads, 6 sem. de diffusion - vraie brand (>=150). Fais le controle FR.",,,https://faithgate.co
32,🔴 BANGER,⬜ a verifier,🔵 OUI,Revotín Repair Spray — Eliminates Thinning Hair,revotin.com,US 100%,25.3,338,13 > 124 > 201 > 264 > 329,44.95 USD,3,a calculer,,"🟢 PRIORITE. x25.3 en 4 sem., 338 ads - vraie brand (>=150). Fais le controle FR.",,,https://revotin.com
3,🔴 BANGER,⬜ a verifier,🔵 OUI,El Avance para el Alivio de la Circulación,tryallevora.com,"ES 50%, US 50%",25.2,150,5 > 2 > 13 > 59 > 126,34.99 USD,1,a calculer,,"🟢 PRIORITE. x25.2 en 4 sem., 150 ads - vraie brand (>=150). Fais le controle FR.",,,https://tryallevora.com
9,🔴 BANGER,⬜ a verifier,⬜ non,ShowerHour® Lamp,showerhour.shop,"AU 22%, NZ 21%, CA 21%, US 20%, GB 17%",18.3,70,3 > 55,29.99 USD,2,a calculer,,"🟢 PRIORITE. x18.3 en 4 sem., 70 ads, 2 sem. de diffusion - lancement frais (50-149). Fais le controle FR.",,,https://showerhour.shop
10,🔴 BANGER,⬜ a verifier,⬜ non,TrueForm® Fascial Release,myseese.com,"US 26%, AU 26%, CA 26%, GB 22%",17,53,3 > 31 > 51,69.99 USD,1,a calculer,,"🟢 PRIORITE. x17.0 en 4 sem., 53 ads, 3 sem. de diffusion - lancement frais (50-149). Fais le controle FR.",,,https://myseese.com
11,🔴 BANGER,⬜ a verifier,⬜ non,ChristmasCheer™ DIY Beaded Tree Kit,thankimals.com,US 100%,16.7,50,3 > 11 > 29 > 42 > 50,39.99 USD,1,a calculer,,"🟢 PRIORITE. x16.7 en 4 sem., 50 ads, 6 sem. de diffusion - lancement frais (50-149). Fais le controle FR.",,,https://thankimals.com
1,🔴 BANGER,🟩 LIBRE,🔵 OUI,Canor Studio Summer 4k Digital Camera,canorstudios.com,non indexe,15.1,743,49 > 27 > 219 > 668 > 742,38.99 USD,2,a calculer,pays de diffusion non indexes - marches libres inconnus,"🟢🟢 FONCE. Marche FR libre, x15.1 en 4 sem., 743 ads, 6 sem. de diffusion.",,,https://canorstudios.com
68,🔴 BANGER,⬜ a verifier,⬜ non,14-in-1 Advanced Eye Formula,itzmouvre.com,US 100%,14.7,88,7 > 5 > 40 > 100 > 103,39.99 USD,7,a calculer,,"🟢 PRIORITE. x14.7 en 4 sem., 88 ads - lancement frais (50-149). Fais le controle FR.",,,https://itzmouvre.com
12,🔴 BANGER,⬜ a verifier,⬜ non,The 15-Day Bladder Control Transformation (E-book),senseroots.com,"AU 21%, CA 21%, US 21%, NZ 20%, GB 16%",13.2,119,9 > 35 > 73 > 108 > 119,12 USD,3,a calculer,,"🟢 PRIORITE. x13.2 en 4 sem., 119 ads, 6 sem. de diffusion - lancement frais (50-149). Fais le controle FR.",,,https://senseroots.com
33,🔴 BANGER,🟨 PARTIEL,🔵 OUI,DulceSueño® — La sábana 2 en 1 de secado rápido que elimina la,cosalia-home.com,ES 100%,10.6,228,26 > 73 > 199 > 286 > 275,79.99 EUR,6,a calculer,,"🟢 PRIORITE. x10.6 en 4 sem., 228 ads - vraie brand (>=150). Fais le controle FR.",,,https://cosalia-home.com
13,🔴 BANGER,⬜ a verifier,⬜ non,Máscara Sérum para Pestanas Velmadora™,velmadora-pt.com,"IT 43%, ES 41%, PT 16%",10,74,7 > 14 > 26 > 54 > 70,29.9 EUR,9,a calculer,,"🟢 PRIORITE. x10.0 en 4 sem., 74 ads, 5 sem. de diffusion - lancement frais (50-149). Fais le controle FR.",,,https://velmadora-pt.com
21,🔴 BANGER,⬜ a verifier,🔵 OUI,DERMIQUA ACTINIC KERATOSIS CORRECTING BODY OIL,dermiqua.com,"US 41%, CA 24%, AU 20%, NZ 16%",10,350,35 > 80 > 248 > 332 > 349,44.95 USD,4,a calculer,,"🟢 PRIORITE. x10.0 en 4 sem., 350 ads - vraie brand (>=150). Fais le controle FR.",,,https://dermiqua.com
61,🔴 BANGER,⬜ a verifier,🔵 OUI,Foligrow• GrowthPro Serum,foligrow.shop,non indexe,9.9,233,22 > 121 > 208 > 224 > 218,19.99 USD,4,a calculer,pays de diffusion non indexes - marches libres inconnus,"🟢 PRIORITE. x9.9 en 4 sem., 233 ads - vraie brand (>=150). Fais le controle FR.",,,https://foligrow.shop
4,🔴 BANGER,⬜ a verifier,🔵 OUI,The Complete Wax Sachet Guide,academiadygital.myshopify.com,"US 37%, AU 32%, GB 31%",9.7,229,24 > 6 > 44 > 149 > 232,19.97 USD,3,a calculer,,"🟢 PRIORITE. x9.7 en 4 sem., 229 ads - vraie brand (>=150). Fais le controle FR.",,,https://academiadygital.myshopify.com
14,🔴 BANGER,⬜ a verifier,⬜ non,SANS RECOVERY & BALANCE,sansglobal.net,US 100%,9.4,103,11 > 15 > 0 > 81 > 103,49.99 USD,2,a calculer,,"🟢 PRIORITE. x9.4 en 4 sem., 103 ads, 2 sem. de diffusion - lancement frais (50-149). Fais le controle FR.",,,https://sansglobal.net
22,🔴 BANGER,⬜ a verifier,🔵 OUI,The DramTap,getdramtap.com,"AU 28%, NZ 27%, US 4%",9.3,195,21 > 40 > 106 > 151 > 195,89.99 AUD,8,a calculer,,"🟢 PRIORITE. x9.3 en 4 sem., 195 ads, 6 sem. de diffusion - vraie brand (>=150). Fais le controle FR.",,,https://getdramtap.com
62,🔴 BANGER,⬜ a verifier,🔵 OUI,Belorna™ Pistola Anti-Odori per Animali,belorna.com,IT 100%,9,400,44 > 118 > 231 > 351 > 395,44.9 EUR,7,a calculer,,"🟢 PRIORITE. x9.0 en 4 sem., 400 ads - vraie brand (>=150). Fais le controle FR.",,,https://belorna.com
63,🔴 BANGER,⬜ a verifier,🔵 OUI,Tactical PureX,dailynationalnews.com,US 100%,8.9,411,46 > 173 > 477 > 400 > 411,49.99 USD,6,a calculer,,"🟢 PRIORITE. x8.9 en 4 sem., 411 ads - vraie brand (>=150). Fais le controle FR.",,,https://dailynationalnews.com
34,🔴 BANGER,⬜ a verifier,🔵 OUI,Soma Sculpt,usasoma.us,non indexe,7.2,271,37 > 91 > 128 > 199 > 268,49.9 USD,5,a calculer,pays de diffusion non indexes - marches libres inconnus,"🟢 PRIORITE. x7.2 en 4 sem., 271 ads - vraie brand (>=150). Fais le controle FR.",,,https://usasoma.us
35,🔴 BANGER,⬜ a verifier,🔵 OUI,Kitly Calm,kitlypet.com,US 100%,6.7,288,40 > 40 > 112 > 225 > 268,44.95 USD,4,a calculer,,"🟢 PRIORITE. x6.7 en 4 sem., 288 ads - vraie brand (>=150). Fais le controle FR.",,,https://kitlypet.com
5,🔴 BANGER,⬜ a verifier,🔵 OUI,The First Bra,gentlywear.com,"US 29%, CA 27%, AU 24%, GB 20%",6.4,178,28 > 92 > 178,22.99 USD,2,a calculer,,"🟢 PRIORITE. x6.4 en 4 sem., 178 ads, 3 sem. de diffusion - vraie brand (>=150). Fais le controle FR.",,,https://gentlywear.com
64,🔴 BANGER,⬜ a verifier,🔵 OUI,Kollegaboksen,shop.allentertainment.no,SE 100%,6.4,402,61 > 70 > 304 > 363 > 390,490 NOK,5,a calculer,,"🟢 PRIORITE. x6.4 en 4 sem., 402 ads - vraie brand (>=150). Fais le controle FR.",,,https://shop.allentertainment.no
87,🟢 EXPLOSE,⬜ a verifier,🔵 OUI,Leichtkraut,wohlkraut.de,"AT 47%, DE 47%",6.3,432,66 > 160 > 286 > 383 > 415,29.99 EUR,4,a calculer,,"🟢 PRIORITE. x6.3 en 4 sem., 432 ads - vraie brand (>=150). Fais le controle FR.",,,https://wohlkraut.de
15,🔴 BANGER,⬜ a verifier,🔵 OUI,Fargeskiftende foundation,lambrieshop.com,"IT 59%, FR 16%, CZ 15%, SE 10%",6.1,177,29 > 48 > 164 > 147 > 176,380 NOK,3,a calculer,diffuse deja en FR 16% - ouvre leur ad library,🟠 Ils diffusent deja en France. Ouvre leur ad library avant de decider.,,,https://lambrieshop.com
16,🔴 BANGER,🟨 PARTIEL,⬜ non,Postra™,tervi.store,SE 100%,6.1,79,15 > 39 > 58 > 71 > 92,39.99 USD,2,a calculer,,"🟢 PRIORITE. x6.1 en 4 sem., 79 ads, 5 sem. de diffusion - lancement frais (50-149). Fais le controle FR.",,,https://tervi.store
17,🔴 BANGER,⬜ a verifier,⬜ non,Cuscino in Gel Covexia™,covexia.eu,"ES 81%, IT 19%",6,59,9 > 14 > 33 > 54 > 54,39.9 EUR,9,a calculer,,"🟢 PRIORITE. x6.0 en 4 sem., 59 ads, 5 sem. de diffusion - lancement frais (50-149). Fais le controle FR.",,,https://covexia.eu
40,🔴 BANGER,⬜ a verifier,⬜ non,Tactical Blocks DIY Ops Handle Set,tacticalblocks.com,"IT 5%, ES 4%, DE 4%, BE 4%, FR 4%, GR 4%",6,73,10 > 60,39 EUR,12,a calculer,diffuse deja en FR 4% - ouvre leur ad library,🟠 Ils diffusent deja en France. Ouvre leur ad library avant de decider.,,,https://tacticalblocks.com
45,🔴 BANGER,⬜ a verifier,🔵 OUI,The Miswak Co.,miswakco.com,"AU 14%, US 14%, CA 14%, NZ 12%, GB 11%, DE 7%",5.6,311,58 > 92 > 211 > 334 > 322,28 AUD,3,a calculer,diffuse deja en FR 6% - ouvre leur ad library,🟠 Ils diffusent deja en France. Ouvre leur ad library avant de decider.,,,https://miswakco.com
69,🔴 BANGER,⬜ a verifier,⬜ non,Parfém s feromónmi 1+1 ZADARMO - Pheroeli™,pheroeli.sk,SK 100%,5.6,53,7 > 6 > 4 > 9 > 39,24.9 EUR,6,a calculer,,"🟢 PRIORITE. x5.6 en 4 sem., 53 ads - lancement frais (50-149). Fais le controle FR.",,,https://pheroeli.sk
28,🔴 BANGER,⬜ a verifier,⬜ non,Psorelia - Baume réparateur pour l'eczéma et le psoriasis,mypsorelia.com,"CA 9%, FR 9%, BE 8%, PT 6%, ES 6%, LU 6%",5.5,87,14 > 42 > 77,34.99 EUR,2,a calculer,diffuse deja en FR 9% - ouvre leur ad library,🟠 Ils diffusent deja en France. Ouvre leur ad library avant de decider.,,,https://mypsorelia.com
6,🔴 BANGER,⬜ a verifier,🔵 OUI,📦📦LAST DAY SAVE 49% ⏰Effortless Linen-Blend Shift Dress,v8cmtk-f0.myshopify.com,"US 28%, AU 26%, CA 25%, GB 22%",5.4,205,28 > 46 > 220 > 186 > 152,39.99 USD,10,a calculer,,"🟢 PRIORITE. x5.4 en 4 sem., 205 ads - vraie brand (>=150). Fais le controle FR.",,,https://v8cmtk-f0.myshopify.com
18,🔴 BANGER,⬜ a verifier,🔵 OUI,Minute Cryptic | 160+ Wordplay Puzzles to Crack and Solve,tifela.com,"US 19%, AU 18%, NZ 12%, CA 7%, GB 5%, ES 4%",5.1,182,36 > 60 > 100 > 147 > 183,27.99 USD,1,a calculer,diffuse deja en FR 3% - ouvre leur ad library,🟠 Ils diffusent deja en France. Ouvre leur ad library avant de decider.,,,https://tifela.com
36,🔴 BANGER,⬜ a verifier,🔵 OUI,Caveyra CartBuddy™,caveyra.com,US 100%,5.1,379,75 > 134 > 222 > 341 > 379,140 USD,1,a calculer,,"🟢 PRIORITE. x5.1 en 4 sem., 379 ads - vraie brand (>=150). Fais le controle FR.",,,https://caveyra.com
23,🔴 BANGER,⬜ a verifier,⬜ non,Apoflora Vaginex,apoflora.nl,"GB 71%, BE 14%, NL 14%",4.6,102,22 > 52 > 88 > 102,29.9 EUR,1,a calculer,,"🔵 A CREUSER. x4.6 en 4 sem., 102 ads, 4 sem. de diffusion - lancement frais (50-149). Fais le controle FR.",,,https://apoflora.nl
70,🟢 EXPLOSE,⬜ a verifier,🔵 OUI,R-Alpha Lipoic Acid — 600mg Pure R-Form Softgels,tryneurolyfe.com,"US 29%, CA 25%, AU 23%, GB 23%",4.6,767,161 > 269 > 401 > 633 > 747,49.99 USD,13,a calculer,,🔴 TROP TARD ? 7501 visites/mois : deja visibles partout.,,,https://tryneurolyfe.com
24,🔴 BANGER,🟩 LIBRE,⬜ non,NEATCELL — Fade Tattoos & Dark Spots at Home,neatcell-official.com,"GB 40%, US 40%, CA 21%",4.5,52,11 > 11 > 28 > 41 > 50,91 USD,4,a calculer,,"🟢🟢 FONCE. Marche FR libre, x4.5 en 4 sem., 52 ads.",,,https://neatcell-official.com
26,🔴 BANGER,⬜ a verifier,⬜ non,Banish 14+ Pests for Good,pestprohome.com,"GB 36%, CA 19%, US 17%, AU 15%, NZ 14%",4.3,139,25 > 108,59.9 USD,3,a calculer,,"🔵 A CREUSER. x4.3 en 4 sem., 139 ads, 2 sem. de diffusion - lancement frais (50-149). Fais le controle FR.",,,https://pestprohome.com
37,🔴 BANGER,⬜ a verifier,🔵 OUI,"End Perimenopause Foot Pain, Starting Tomorrow Morning",hazelstep.com,US 100%,4,261,59 > 113 > 107 > 166 > 234,81.99 USD,3,a calculer,,"🔵 A CREUSER. x4.0 en 4 sem., 261 ads, 6 sem. de diffusion - vraie brand (>=150). Fais le controle FR.",,,https://hazelstep.com
25,🔴 BANGER,⬜ a verifier,🔵 OUI,Selvia - Suplemento Natural,tryselvia.com,"ES 59%, US 41%",3.7,178,42 > 156,34.36 EUR,4,a calculer,,"🔵 A CREUSER. x3.7 en 4 sem., 178 ads, 2 sem. de diffusion - vraie brand (>=150). Fais le controle FR.",,,https://tryselvia.com
74,🔴 BANGER,⬜ a verifier,🔵 OUI,Apotek Hunden - 3-i-1 Probiotika,8e9787-7c.myshopify.com,SE 100%,3.6,590,159 > 224 > 291 > 534 > 570,399 SEK,19,a calculer,,"🔵 A CREUSER. x3.6 en 4 sem., 590 ads - vraie brand (>=150). Fais le controle FR.",,,https://8e9787-7c.myshopify.com
75,🔴 BANGER,⬜ a verifier,🔵 OUI,Cortisolsenker,tryhoki.com,"DE 65%, AT 35%",3.6,182,51 > 26 > 73 > 206 > 183,89.99 EUR,6,a calculer,,"🔵 A CREUSER. x3.6 en 4 sem., 182 ads - vraie brand (>=150). Fais le controle FR.",,,https://tryhoki.com
76,🔴 BANGER,⬜ a verifier,🔵 OUI,Rova Rejuvenating PDRN Cream,rovabeauty.com,"GB 34%, CA 33%, US 33%",3.6,156,43 > 79 > 122 > 150 > 155,35.95 EUR,5,a calculer,,"🔵 A CREUSER. x3.6 en 4 sem., 156 ads - vraie brand (>=150). Fais le controle FR.",,,https://rovabeauty.com
29,🔴 BANGER,⬜ a verifier,🔵 OUI,FlexiBrace™ - Pain-Free Movement & Stability,getflexibrace.com,"SE 66%, AU 9%, CA 9%, NZ 8%, US 8%",3.4,215,59 > 96 > 131 > 158 > 199,160 USD,1,a calculer,,"🔵 A CREUSER. x3.4 en 4 sem., 215 ads - vraie brand (>=150). Fais le controle FR.",,,https://getflexibrace.com
55,🔴 BANGER,⬜ a verifier,🔵 OUI,Kosmi® Abundance Bracelet,mykosmi.com,US 100%,3.4,248,73 > 130 > 197 > 248 > 246,39.9 USD,1,a calculer,,"🔵 A CREUSER. x3.4 en 4 sem., 248 ads - vraie brand (>=150). Fais le controle FR.",,,https://mykosmi.com
77,🔴 BANGER,⬜ a verifier,🔵 OUI,(catalogue non indexe),usa.vedix.com,"US 35%, AU 11%, CA 8%, GB 8%, PT 6%, ES 3%",3.4,782,219 > 357 > 558 > 641 > 738,,0,a calculer,diffuse deja en FR 3% - ouvre leur ad library,🟠 Ils diffusent deja en France. Ouvre leur ad library avant de decider.,,,https://usa.vedix.com
30,🔴 BANGER,⬜ a verifier,🔵 OUI,InnStepp™ Flow,innstepp.fi,"DK 66%, FI 34%",3.3,276,80 > 101 > 160 > 237 > 267,59.99 EUR,2,a calculer,,"🔵 A CREUSER. x3.3 en 4 sem., 276 ads - vraie brand (>=150). Fais le controle FR.",,,https://innstepp.fi
72,🔴 BANGER,⬜ a verifier,🔵 OUI,NAC600 & NAD+ Complex,themodernformula.com,"CA 25%, AU 25%, GB 19%, NZ 19%, US 13%",3.2,546,169 > 173 > 184 > 271 > 541,39.99 USD,1,a calculer,,"🔵 A CREUSER. x3.2 en 4 sem., 546 ads - vraie brand (>=150). Fais le controle FR.",,,https://themodernformula.com
96,🟢 EXPLOSE,⬜ a verifier,🔵 OUI,2 sachets supplémentaires,lireaofficiel.com,"FR 39%, BE 27%, CA 26%, LU 7%",3.2,414,121 > 154 > 259 > 362 > 393,29.9 EUR,7,a calculer,diffuse deja en FR 39% - ouvre leur ad library,🟠 Ils diffusent deja en France. Ouvre leur ad library avant de decider.,,,https://lireaofficiel.com
51,🔴 BANGER,⬜ a verifier,⬜ non,FlexBelt™ - No Buckle. No Pressure. Just Comfort.,wellsmaison.store,"US 8%, AU 6%, CA 5%, MT 4%, IE 4%, EE 4%",3.1,77,28 > 38 > 46 > 55 > 86,19.99 USD,1,a calculer,diffuse deja en FR 4% - ouvre leur ad library,🟠 Ils diffusent deja en France. Ouvre leur ad library avant de decider.,,,https://wellsmaison.store
56,🔴 BANGER,⬜ a verifier,⬜ non,DogZen Chews,trydogzen.com,US 100%,3.1,83,27 > 42 > 51 > 76 > 83,38.99 USD,3,a calculer,,"🔵 A CREUSER. x3.1 en 4 sem., 83 ads, 6 sem. de diffusion - lancement frais (50-149). Fais le controle FR.",,,https://trydogzen.com
81,🔴 BANGER,⬜ a verifier,🔵 OUI,Pure Nilotica Shea Butter by ACROM™ - Buy 1 Get 1,natropura.com,US 100%,3.1,661,211 > 269 > 284 > 556 > 659,29.99 USD,15,a calculer,,"🔵 A CREUSER. x3.1 en 4 sem., 661 ads - vraie brand (>=150). Fais le controle FR.",,,https://natropura.com
82,🟢 EXPLOSE,⬜ a verifier,⬜ non,Limited Edition | 'Do You Want Me' | SIGNED CD,tomhighmerch.myshopify.com,"GB 56%, AT 3%, DE 3%, DK 3%, FR 3%, IE 3%",3.1,54,17 > 52,12.99 GBP,3,a calculer,diffuse deja en FR 3% - ouvre leur ad library,🟠 Ils diffusent deja en France. Ouvre leur ad library avant de decider.,,,https://tomhighmerch.myshopify.com
31,🔴 BANGER,⬜ a verifier,🔵 OUI,Sensicat - Skapa ett hem där din innekatt trivs naturligt,shopmonura.com,"SE 55%, DK 45%",3,228,74 > 121 > 138 > 180 > 224,299 SEK,3,a calculer,,"🔵 A CREUSER. x3.0 en 4 sem., 228 ads - vraie brand (>=150). Fais le controle FR.",,,https://shopmonura.com
41,🔴 BANGER,⬜ a verifier,🔵 OUI,Pennello Scolpisci Viso K Glow,launavia.com,"GB 45%, US 37%",2.9,680,225 > 322 > 481 > 568 > 657,29.99 EUR,2,a calculer,,"🔵 A CREUSER. x2.9 en 4 sem., 680 ads - vraie brand (>=150). Fais le controle FR.",,,https://launavia.com
46,🔴 BANGER,⬜ a verifier,🔵 OUI,AutoScooper 12 Cat Litter Box,petpivoe.com,"US 8%, CA 5%, AU 5%, IT 4%, PT 4%, ES 4%",2.9,752,256 > 308 > 340 > 630 > 754,149 USD,11,a calculer,diffuse deja en FR 4% - ouvre leur ad library,🟠 Ils diffusent deja en France. Ouvre leur ad library avant de decider.,,,https://petpivoe.com
57,🔴 BANGER,⬜ a verifier,⬜ non,Verta SpineFlex®,tryverta.co,"US 8%, AU 8%, CA 7%, IE 7%, ES 7%, FR 7%",2.9,66,21 > 22 > 6 > 44 > 60,189.99 USD,3,a calculer,diffuse deja en FR 7% - ouvre leur ad library,🟠 Ils diffusent deja en France. Ouvre leur ad library avant de decider.,,,https://tryverta.co
73,🔴 BANGER,⬜ a verifier,🔵 OUI,Renora™ - Intertrigo Relief Cream,getnorthlife.com,"GB 24%, US 9%, BR 5%, RO 4%, PT 4%, FR 4%",2.9,314,106 > 178 > 234 > 246 > 304,39.95 USD,2,a calculer,diffuse deja en FR 4% - ouvre leur ad library,🟠 Ils diffusent deja en France. Ouvre leur ad library avant de decider.,,,https://getnorthlife.com
89,🟢 EXPLOSE,⬜ a verifier,🔵 OUI,Cocoony Brush for Short Hair,cocoony-hair.com,"US 26%, CA 26%, AU 25%, GB 23%",2.9,451,155 > 226 > 315 > 408 > 448,39.99 EUR,5,a calculer,,"🔵 A CREUSER. x2.9 en 4 sem., 451 ads - vraie brand (>=150). Fais le controle FR.",,,https://cocoony-hair.com
38,🔴 BANGER,⬜ a verifier,🔵 OUI,Premium Full Cover Dentures,thevellumlab.com,"US 24%, CA 21%, AU 21%, NZ 20%, GB 14%",2.8,163,58 > 109 > 150 > 162,60 USD,1,a calculer,,"🔵 A CREUSER. x2.8 en 4 sem., 163 ads, 4 sem. de diffusion - vraie brand (>=150). Fais le controle FR.",,,https://thevellumlab.com
58,🔴 BANGER,⬜ a verifier,⬜ non,Cherry Limeade Iron Lollipops,ironwomen.co,"CA 9%, NZ 8%, AU 8%, US 8%, GB 6%",2.8,76,17 > 17 > 22 > 30 > 48,29.9 USD,2,a calculer,diffuse deja en FR 2% - ouvre leur ad library,🟠 Ils diffusent deja en France. Ouvre leur ad library avant de decider.,,,https://ironwomen.co
99,🟢 EXPLOSE,⬜ a verifier,🔵 OUI,EasySleep® Duvet – The 2-in-1 quick-dry duvet,cozily-shop.com,"GB 94%, US 6%",2.8,343,121 > 196 > 231 > 290 > 334,69.99 GBP,12,a calculer,,🔴 TROP TARD ? 7543 visites/mois : deja visibles partout.,,,https://cozily-shop.com
48,🔴 BANGER,⬜ a verifier,⬜ non,snapguard,snapshield.dk,"SE 70%, DK 30%",2.7,136,49 > 73 > 95 > 120 > 130,149 USD,2,a calculer,,"🔵 A CREUSER. x2.7 en 4 sem., 136 ads - lancement frais (50-149). Fais le controle FR.",,,https://snapshield.dk
52,🔴 BANGER,⬜ a verifier,🔵 OUI,Pearwood Color Renewing Shampoo,pearwood.com,"US 45%, NZ 19%, CA 14%, AU 14%, IE 6%",2.7,469,172 > 211 > 237 > 376 > 468,49 USD,1,a calculer,,"🔵 A CREUSER. x2.7 en 4 sem., 469 ads - vraie brand (>=150). Fais le controle FR.",,,https://pearwood.com
85,🔴 BANGER,⬜ a verifier,🔵 OUI,Alkuperäiset vedenpitävät SleepPods™ rauhallisempiin öihin,fi.sleeppods.se,"GB 46%, FI 21%, DK 18%, SE 16%",2.7,458,169 > 177 > 252 > 254 > 448,34.99 EUR,2,a calculer,,"🔵 A CREUSER. x2.7 en 4 sem., 458 ads - vraie brand (>=150). Fais le controle FR.",,,https://fi.sleeppods.se
97,🔴 BANGER,⬜ a verifier,🔵 OUI,IVERMKTN12 - 12mg,kinomu.com,"RO 13%, ES 12%, GR 12%, IT 11%, FR 11%, PL 6%",2.7,495,182 > 330 > 316 > 321 > 487,24.99 USD,2,a calculer,diffuse deja en FR 11% - ouvre leur ad library,🟠 Ils diffusent deja en France. Ouvre leur ad library avant de decider.,,,https://kinomu.com
39,🔴 BANGER,⬜ a verifier,🔵 OUI,Original Waterproof SleepPods™ 2026 (Upgraded Bass & Sound),sleeppods.co,"GB 46%, FI 21%, DK 18%, SE 16%",2.6,458,169 > 177 > 252 > 254 > 444,28.99 GBP,3,a calculer,,"🔵 A CREUSER. x2.6 en 4 sem., 458 ads - vraie brand (>=150). Fais le controle FR.",,,https://sleeppods.co
49,🔴 BANGER,⬜ a verifier,🔵 OUI,Μονόχρωμο σετ σεντονιών με λάστιχο και ριγέ σχέδιο,hestiahome.gr,GR 100%,2.6,264,101 > 119 > 132 > 204 > 262,40 EUR,14,a calculer,,"🔵 A CREUSER. x2.6 en 4 sem., 264 ads - vraie brand (>=150). Fais le controle FR.",,,https://hestiahome.gr
50,🔴 BANGER,⬜ a verifier,⬜ non,Domina la IA en 7 Días: Guía Práctica + 101 Prompts,shop.udamia.com,ES 100%,2.6,146,54 > 108 > 130 > 159 > 143,24 USD,7,a calculer,,"🔵 A CREUSER. x2.6 en 4 sem., 146 ads - lancement frais (50-149). Fais le controle FR.",,,https://shop.udamia.com
66,🔴 BANGER,⬜ a verifier,🔵 OUI,Anakil™ Smart Sound Support - Hear Clearly Again,anakil.com,"US 13%, CA 9%, AU 9%, ES 9%, NZ 8%, IE 7%",2.6,502,173 > 146 > 133 > 161 > 454,79 USD,3,a calculer,diffuse deja en FR 5% - ouvre leur ad library,🟠 Ils diffusent deja en France. Ouvre leur ad library avant de decider.,,,https://anakil.com
84,🔴 BANGER,⬜ a verifier,🔵 OUI,3D-muotoileva legging – Push-up- ja selluliittivaikutus,fi.officialgumea.com,"FR 64%, FI 36%",2.6,482,183 > 311 > 367 > 418 > 480,29.9 EUR,18,a calculer,diffuse deja en FR 64% - ouvre leur ad library,🟠 Ils diffusent deja en France. Ouvre leur ad library avant de decider.,,,https://fi.officialgumea.com
86,🔴 BANGER,⬜ a verifier,🔵 OUI,Vaskeark - Opvask,novus-denmark.dk,DK 100%,2.6,184,67 > 91 > 121 > 153 > 177,140 DKK,9,a calculer,,"🔵 A CREUSER. x2.6 en 4 sem., 184 ads - vraie brand (>=150). Fais le controle FR.",,,https://novus-denmark.dk
78,🔴 BANGER,⬜ a verifier,🔵 OUI,UriClear: Fermented Black Garlic Restoration Protocol,tryestella.com,"US 59%, AU 15%, CA 14%, GB 12%",2.5,2489,976 > 1221 > 1650 > 2312 > 2449,29.95 USD,4,a calculer,,"🔵 A CREUSER. x2.5 en 4 sem., 2489 ads - vraie brand (>=150). Fais le controle FR.",,,https://tryestella.com
42,🔴 BANGER,⬜ a verifier,🔵 OUI,24-Day Advent Calendar,freshfitco.com,US 100%,2.4,153,63 > 108 > 150 > 145 > 154,59.99 USD,2,a calculer,,"🔵 A CREUSER. x2.4 en 4 sem., 153 ads - vraie brand (>=150). Fais le controle FR.",,,https://freshfitco.com
67,🔴 BANGER,⬜ a verifier,🔵 OUI,HerdGuard™ - Fogger System,itolabs.us,US 100%,2.4,228,96 > 134 > 151 > 170 > 226,699.95 USD,3,a calculer,,"🔵 A CREUSER. x2.4 en 4 sem., 228 ads - vraie brand (>=150). Fais le controle FR.",,,https://itolabs.us
100,🔴 BANGER,⬜ a verifier,🔵 OUI,15-Ft Flexible Race Track,tryolivienne.com,"US 17%, CA 16%, GB 16%, AU 16%, ES 3%, FR 3%",2.4,377,152 > 192 > 252 > 353 > 370,35 GBP,1,a calculer,diffuse deja en FR 3% - ouvre leur ad library,🟠 Ils diffusent deja en France. Ouvre leur ad library avant de decider.,,,https://tryolivienne.com
53,🔴 BANGER,⬜ a verifier,⬜ non,DR.MON Activa Tu Circulación y Cuida Todo Tu Cuerpo,glucelab.myshopify.com,non indexe,2.3,66,24 > 34 > 55,29.99 USD,9,a calculer,pays de diffusion non indexes - marches libres inconnus,"🔵 A CREUSER. x2.3 en 4 sem., 66 ads, 3 sem. de diffusion - lancement frais (50-149). Fais le controle FR.",,,https://glucelab.myshopify.com
54,🔴 BANGER,⬜ a verifier,⬜ non,LED Halloween Pumpkin Bags,tryghoulandgoods.store,US 100%,2.3,50,22 > 50,19.99 USD,9,a calculer,,"🔵 A CREUSER. x2.3 en 4 sem., 50 ads, 2 sem. de diffusion - lancement frais (50-149). Fais le controle FR.",,,https://tryghoulandgoods.store
59,🔴 BANGER,⬜ a verifier,🔵 OUI,PurrBite™ Pack de Sticks Dentales de Silvervine,esavan.com,"CA 56%, US 44%",2.3,415,184 > 406 > 404 > 411 > 415,29.95 EUR,8,a calculer,,"🔵 A CREUSER. x2.3 en 4 sem., 415 ads - vraie brand (>=150). Fais le controle FR.",,,https://esavan.com
65,🔴 BANGER,⬜ a verifier,⬜ non,Συσκευή εισπνοών για μικρούς και μεγάλους,kairo.gr,RO 100%,2.3,128,53 > 62 > 90 > 114 > 124,29.95 EUR,11,a calculer,,"🔵 A CREUSER. x2.3 en 4 sem., 128 ads - lancement frais (50-149). Fais le controle FR.",,,https://kairo.gr
83,🔴 BANGER,⬜ a verifier,🔵 OUI,F*CK I'M FLAWLESS,ilmakiagenyc.com,US 93%,2.3,512,184 > 191 > 226 > 234 > 426,31 USD,6,a calculer,,"🔵 A CREUSER. x2.3 en 4 sem., 512 ads - vraie brand (>=150). Fais le controle FR.",,,https://ilmakiagenyc.com
98,🟢 EXPLOSE,⬜ a verifier,🔵 OUI,Shiny Smile Ultra Sonic Cleaner,shinysmileveneers.shop,"US 89%, CA 11%",2.3,464,207 > 436 > 329 > 443 > 477,55 USD,2,a calculer,,🔴 TROP TARD ? 15514 visites/mois : deja visibles partout.,,,https://shinysmileveneers.shop
106,🟢 EXPLOSE,⬜ a verifier,⬜ non,RollerMouse Red,shop.contourdesign.com,US 100%,2.3,114,50 > 59 > 74 > 110 > 114,374 USD,19,a calculer,,"🔵 A CREUSER. x2.3 en 4 sem., 114 ads - lancement frais (50-149). Fais le controle FR.",,,https://shop.contourdesign.com
79,🔴 BANGER,⬜ a verifier,🔵 OUI,RegenRx Insoles,regenrxdoc.com,"US 38%, AU 5%, IE 5%, DE 4%, CA 3%, DK 3%",2.2,228,110 > 106 > 146 > 181 > 245,49.99 USD,3,a calculer,diffuse deja en FR 2% - ouvre leur ad library,🟠 Ils diffusent deja en France. Ouvre leur ad library avant de decider.,,,https://regenrxdoc.com
90,🔴 BANGER,⬜ a verifier,🔵 OUI,Skin-Friendly & Dirt-Repellent Leather Seat Cushions,solution-us.com,"AU 5%, US 5%, CA 5%, GR 4%, ES 4%, IE 4%",2.2,612,319 > 371 > 545 > 396 > 698,39.99 USD,4,a calculer,diffuse deja en FR 4% - ouvre leur ad library,🟠 Ils diffusent deja en France. Ouvre leur ad library avant de decider.,,,https://solution-us.com
91,🔴 BANGER,⬜ a verifier,🔵 OUI,DACHSHUND,remus-collection.com,"US 63%, CA 37%",2.2,450,198 > 222 > 389 > 451 > 438,120 USD,9,a calculer,,"🔵 A CREUSER. x2.2 en 4 sem., 450 ads - vraie brand (>=150). Fais le controle FR.",,,https://remus-collection.com
43,🔴 BANGER,⬜ a verifier,🔵 OUI,Don't Let The Hard Days Win Armband,nordband.nl,"SE 32%, DK 23%, DE 17%, FI 11%, BE 8%, NL 8%",2.1,422,203 > 210 > 273 > 366 > 428,29.99 EUR,4,a calculer,,"🔵 A CREUSER. x2.1 en 4 sem., 422 ads - vraie brand (>=150). Fais le controle FR.",,,https://nordband.nl
60,🔴 BANGER,⬜ a verifier,🔵 OUI,Stainless Steel Facial Roller & Guasha Set,0deksb-8g.myshopify.com,US 100%,2.1,225,108 > 164 > 208 > 212 > 222,19.95 USD,2,a calculer,,"🔵 A CREUSER. x2.1 en 4 sem., 225 ads - vraie brand (>=150). Fais le controle FR.",,,https://0deksb-8g.myshopify.com
80,🔴 BANGER,⬜ a verifier,🔵 OUI,Support Sans Fil 3-en-1 Pro,doulia-fr.shop,"FR 30%, BE 27%, CA 25%, LU 18%",2.1,222,90 > 178 > 213 > 273 > 189,29.99 EUR,3,a calculer,diffuse deja en FR 30% - ouvre leur ad library,🟠 Ils diffusent deja en France. Ouvre leur ad library avant de decider.,,,https://doulia-fr.shop
92,🔴 BANGER,⬜ a verifier,🔵 OUI,The KilgourMD Bundle,scalpagecalculator.com,US 100%,2.1,1301,556 > 578 > 650 > 837 > 1168,150 USD,15,a calculer,,"🔵 A CREUSER. x2.1 en 4 sem., 1301 ads - vraie brand (>=150). Fais le controle FR.",,,https://scalpagecalculator.com
93,🔴 BANGER,⬜ a verifier,🔵 OUI,Consola All-In-One Miniconsola,miniconsola.com,"ES 24%, US 18%, CA 6%, BE 6%, DE 6%, FR 6%",2.1,948,455 > 649 > 772 > 880 > 938,62.99 EUR,1,a calculer,diffuse deja en FR 6% - ouvre leur ad library,🟠 Ils diffusent deja en France. Ouvre leur ad library avant de decider.,,,https://miniconsola.com
103,🔴 BANGER,⬜ a verifier,🔵 OUI,Alignex Pro™ Sciatica Pillow,alignextechnology.com,"US 40%, AU 21%, CA 21%, GB 17%",2.1,394,186 > 207 > 220 > 391 > 388,59.95 GBP,18,a calculer,,"🔵 A CREUSER. x2.1 en 4 sem., 394 ads - vraie brand (>=150). Fais le controle FR.",,,https://alignextechnology.com
105,🔴 BANGER,⬜ a verifier,⬜ non,AEKE Barbell Squat Pad,de.aeke.com,"CA 62%, US 38%",2.1,104,46 > 65 > 63 > 87 > 98,58.85 USD,13,a calculer,,"🔵 A CREUSER. x2.1 en 4 sem., 104 ads - lancement frais (50-149). Fais le controle FR.",,,https://de.aeke.com
47,🔴 BANGER,⬜ a verifier,🔵 OUI,"ScandicBeam™ – Se det, du aldrig kan komme til",scandicbeam.store,"SE 50%, DK 27%, FI 23%",2,223,110 > 129 > 136 > 186 > 216,259 DKK,1,a calculer,,"🔵 A CREUSER. x2.0 en 4 sem., 223 ads - vraie brand (>=150). Fais le controle FR.",,,https://scandicbeam.store
71,🔴 BANGER,⬜ a verifier,⬜ non,Summer Sale Mystery Gift,pawshalo.com,"US 25%, CA 25%, AU 24%, NZ 21%, GB 5%",2,59,27 > 20 > 13 > 28 > 54,19.95 USD,4,a calculer,,"🔵 A CREUSER. x2.0 en 4 sem., 59 ads, 6 sem. de diffusion - lancement frais (50-149). Fais le controle FR.",,,https://pawshalo.com
88,🟢 EXPLOSE,⬜ a verifier,🔵 OUI,Wooden Knitting Kit,knitmend.com,"CA 34%, AU 32%, NZ 18%, US 17%",2,299,149 > 147 > 241 > 336 > 296,85 USD,5,a calculer,,🔴 TROP TARD ? 17594 visites/mois : deja visibles partout.,,,https://knitmend.com
94,🔴 BANGER,⬜ a verifier,🔵 OUI,Fresh Reserve Cordless Vacuum Sealer,getfreshreserve.com,"AU 73%, GB 27%",2,379,168 > 175 > 262 > 241 > 336,79 USD,10,a calculer,,"🔵 A CREUSER. x2.0 en 4 sem., 379 ads - vraie brand (>=150). Fais le controle FR.",,,https://getfreshreserve.com
95,🔴 BANGER,⬜ a verifier,🔵 OUI,E-Book: A 30-Day Guide to Total Pelvic Wellness,pelvisense.co.uk,"GB 27%, US 20%, AU 19%, CA 18%, NZ 17%",2,371,170 > 272 > 334 > 341 > 342,15 GBP,5,a calculer,,"🔵 A CREUSER. x2.0 en 4 sem., 371 ads - vraie brand (>=150). Fais le controle FR.",,,https://pelvisense.co.uk
101,🟢 EXPLOSE,⬜ a verifier,🔵 OUI,Eclipse Charger Replacement,panthertechnology.com,"US 4%, IT 4%, AU 4%, CA 4%, DE 3%, FR 3%",2,1039,507 > 607 > 664 > 995 > 1035,19 USD,6,a calculer,diffuse deja en FR 3% - ouvre leur ad library,🔴 TROP TARD ? 106434 visites/mois : deja visibles partout.,,,https://panthertechnology.com
102,🟢 EXPLOSE,⬜ a verifier,🔵 OUI,Savon therapeutique antifongique,numa-skin.com,non indexe,2,388,188 > 274 > 310 > 366 > 376,40 USD,9,a calculer,pays de diffusion non indexes - marches libres inconnus,"🔵 A CREUSER. x2.0 en 4 sem., 388 ads - vraie brand (>=150). Fais le controle FR.",,,https://numa-skin.com
104,🔴 BANGER,⬜ a verifier,🔵 OUI,OmegaMax™,serivanna.com,"GB 30%, DK 17%, IT 16%, CA 9%, DE 9%, AT 7%",2,397,175 > 122 > 78 > 176 > 346,700 SEK,17,a calculer,,"🔵 A CREUSER. x2.0 en 4 sem., 397 ads - vraie brand (>=150). Fais le controle FR.",,,https://serivanna.com
,,,,Produit d'insecte été,,,,,,,,,,,,
